{
  "model": "HuggingFaceTB/SmolLM2-1.7B-Instruct",
  "layer": 16,
  "test1_vs_random": {
    "pass": false,
    "framework_rho": 1.0,
    "random_mean": 0.8273653228554938,
    "random_std": 0.1777626199250167,
    "random_max": 1.0,
    "z_score": 0.9711528622683804,
    "beats_fraction": 0.75,
    "n_random": 20,
    "random_rhos": [
      0.8476190476190477,
      0.923809523809524,
      0.7714285714285715,
      1.0,
      1.0,
      0.8857142857142858,
      0.923809523809524,
      0.46666666666666673,
      1.0,
      1.0,
      0.6190476190476191,
      0.923809523809524,
      0.9238095238095237,
      0.6380952380952382,
      0.48571428571428577,
      0.5047619047619047,
      1.0,
      0.8615921713955915,
      0.904761904761905,
      0.8666666666666668
    ]
  },
  "test2_vs_pca": {
    "pass": true,
    "framework_rho": 1.0,
    "pca_rhos": [
      1.0,
      0.6190476190476192,
      0.8095238095238096,
      1.0,
      1.0
    ],
    "framework_rank": 1
  },
  "test3_saturation": {
    "best_third_rho": 1.0,
    "best_third_pca_idx": 1,
    "framework_rho": 1.0,
    "ratio": 1.0,
    "saturated": false
  },
  "test3_pass": false,
  "verdict": "1/3"
}